customer_id,age,income,engagement_score,loyalty_years,region,gender,channel_preference,membership_tier
1,52,73106,41.303542423437136,1.1,North,M,Mobile,Bronze
2,42,57659,7.534974569883916,2.5,North,F,Store,Gold
3,54,37414,35.53323286297845,4.9,North,M,Mobile,Silver
4,67,26279,11.98881178034017,0.4,South,F,Online,Platinum
5,41,51488,81.015285790913,2.6,West,F,Mobile,Silver
6,41,44211,94.8211145704826,2.1,North,M,Store,Bronze
7,68,56817,8.159331050535922,0.5,West,F,Online,Platinum
8,56,49890,95.55640552187845,2.9,East,F,Mobile,Bronze
9,37,61376,52.73508333433777,1.0,East,F,Store,Bronze
10,53,27788,30.657002117433517,2.0,North,F,Online,Silver
11,38,70171,8.609345452340188,0.3,West,M,Mobile,Bronze
12,38,40086,50.561802538971364,1.8,North,F,Store,Silver
13,48,102501,79.65703890458411,1.1,East,F,Mobile,Bronze
14,18,25729,71.00156124940311,5.2,North,M,Mobile,Silver
15,19,86507,5.972375134933403,0.2,West,F,Online,Bronze
16,36,40092,8.217281701422447,1.6,East,F,Online,Gold
17,29,26220,40.88445498063108,1.8,South,F,Store,Gold
18,49,28511,30.233758910746385,3.9,East,F,Online,Bronze
19,31,30940,24.006047982548736,2.6,South,M,Store,Bronze
20,23,44895,28.819445391962645,3.3,North,F,Mobile,Bronze
21,66,47165,80.54479158639158,4.5,North,M,Mobile,Bronze
22,41,27259,92.99357730955353,5.9,West,F,Store,Gold
23,46,35875,41.105166758229075,1.1,South,F,Mobile,Gold
24,23,105993,90.70498921111721,2.3,North,F,Online,Bronze
25,36,86143,32.828074423540315,5.5,South,M,Mobile,Bronze
26,46,45168,48.16726164803537,13.7,North,F,Online,Bronze
27,27,37012,23.37687078378397,6.6,East,F,Store,Silver
28,50,38561,64.40712817540856,1.4,North,M,Store,Bronze
29,35,49353,97.91913040230608,0.7,West,M,Mobile,Platinum
30,40,21776,60.74581650829449,2.0,East,M,Mobile,Gold
31,35,31930,36.42359432724134,4.1,West,M,Online,Bronze
32,72,20000,65.1339271530623,2.0,East,F,Online,Silver
33,44,44338,13.16914716807337,2.0,South,F,Mobile,Platinum
34,29,50191,88.97724894627447,5.5,West,F,Mobile,Silver
35,57,28521,50.8053111272038,1.3,North,F,Store,Bronze
36,26,79777,45.485624461924566,5.9,South,M,Store,Bronze
37,48,20000,59.0006140568984,1.6,North,F,Store,Gold
38,18,20000,62.85360241615084,1.2,East,F,Mobile,Silver
39,25,40628,8.10580481642479,1.8,East,F,Mobile,Silver
40,47,61300,68.57910490111684,4.3,North,F,Mobile,Gold
41,56,84285,24.95123635123743,0.4,North,M,Store,Gold
42,47,28869,71.6813106181524,0.7,South,F,Mobile,Platinum
43,43,62276,82.43094464403548,9.1,North,F,Online,Bronze
44,40,35622,80.5918922476995,0.6,West,F,Mobile,Silver
45,22,33312,55.697595773381025,2.5,West,M,Mobile,Gold
46,34,56490,52.49681933876437,2.6,North,M,Mobile,Gold
47,38,50320,15.14472017260176,2.0,West,F,Mobile,Silver
48,60,20000,77.75926888991043,3.1,North,F,Mobile,Bronze
49,50,75983,27.869528664224724,0.8,South,F,Online,Gold
50,18,72406,50.172846858976705,2.4,West,M,Online,Gold
51,49,26561,29.143135199824155,1.4,West,F,Mobile,Bronze
52,39,44262,14.24900793696962,3.3,North,F,Store,Silver
53,34,46491,63.32621199228192,0.5,West,F,Mobile,Bronze
54,54,41371,6.378871447467479,2.5,East,M,Mobile,Bronze
55,60,27580,75.1158781784938,0.6,South,F,Mobile,Bronze
56,58,25956,32.44109273085055,1.0,South,F,Store,Silver
57,32,35854,1.0133346074440466,0.7,West,M,Store,Silver
58,40,65275,51.60178478448575,0.6,West,M,Store,Silver
59,49,47657,5.638338944232709,5.2,East,F,Online,Silver
60,59,30172,28.34078622426905,1.0,East,M,Store,Gold
61,37,53415,70.99067225811591,7.9,West,F,Online,Bronze
62,42,20000,7.20627254056472,10.5,West,M,Online,Bronze
63,28,64497,84.09451074324423,2.5,East,M,Store,Gold
64,27,20000,1.3781723431997277,0.5,North,F,Store,Bronze
65,57,30296,25.43556305098832,1.4,East,F,Store,Platinum
66,65,20747,74.34950155905507,4.8,North,F,Online,Gold
67,43,20000,32.31074482320137,1.4,South,M,Mobile,Silver
68,60,64887,11.08734641853534,0.3,South,F,Store,Platinum
69,50,28742,36.66315796124236,2.4,East,F,Store,Bronze
70,35,43185,27.768935352068027,5.6,North,F,Store,Bronze
71,50,35473,84.42847831389494,4.8,East,F,Online,Silver
72,68,46097,32.02144384092917,0.6,East,F,Online,Bronze
73,44,37737,79.10431470582472,3.4,North,M,Mobile,Platinum
74,68,20000,89.29534233626273,0.7,East,F,Store,Bronze
75,18,59762,43.94792453807642,0.7,South,F,Online,Silver
76,57,28370,91.0843712415848,6.2,West,M,Mobile,Silver
77,46,20000,38.354487342356094,0.9,West,F,Store,Silver
78,40,29317,96.44376323252071,0.9,East,F,Online,Bronze
79,46,76909,9.83966292803172,0.0,North,F,Store,Bronze
80,18,55554,69.01490738382103,6.1,North,F,Store,Gold
81,41,30505,49.887590005235936,4.7,South,F,Online,Bronze
82,50,30496,39.37723174010906,3.0,North,M,Online,Gold
83,67,30920,63.63847599611149,4.2,North,M,Online,Silver
84,37,102577,70.68185207179879,0.5,South,M,Store,Gold
85,32,43957,1.4319636953805996,1.8,East,F,Store,Gold
86,37,45027,17.528355785972675,1.3,West,M,Mobile,Bronze
87,58,60787,71.59155901279755,0.3,South,F,Store,Silver
88,49,40920,66.97215594424245,2.0,East,F,Online,Gold
89,37,31903,96.63870300773904,7.6,South,F,Store,Silver
90,52,32919,76.34274123482751,0.1,East,M,Mobile,Platinum
91,46,35038,95.12649806540247,1.0,South,M,Mobile,Silver
92,59,35645,70.55150965194589,0.7,East,M,Online,Bronze
93,34,52251,30.507168655304874,0.8,South,F,Online,Bronze
94,40,37271,11.43112730283479,7.2,East,M,Mobile,Platinum
95,39,52382,78.40056247114862,1.9,South,F,Mobile,Bronze
96,23,34879,64.77077292611567,1.9,West,M,Mobile,Gold
97,49,37771,5.7704152269363265,4.3,West,M,Online,Gold
98,48,20000,36.64499612419686,0.5,North,F,Mobile,Bronze
99,45,57420,95.72318173294433,2.0,East,F,Mobile,Bronze
100,41,43184,50.53971342530992,1.7,South,M,Online,Gold
101,23,59814,43.840184465950756,2.7,East,M,Store,Bronze
102,38,20000,46.31226091077011,20.0,West,M,Store,Gold
103,39,103175,21.67938967651121,4.4,East,F,Mobile,Silver
104,32,33867,37.50200991561473,1.5,South,F,Store,Silver
105,42,63202,37.611512342730485,5.3,East,M,Store,Gold
106,51,21591,6.183146998559768,0.6,South,M,Store,Bronze
107,73,49334,76.98919522327391,0.1,West,F,Store,Silver
108,47,21445,42.23393875848402,0.7,West,M,Mobile,Bronze
109,48,26585,82.39580879482591,1.2,West,F,Store,Bronze
110,43,94562,85.18445211086964,2.1,North,F,Store,Silver
111,18,33013,21.98741141516715,2.9,West,F,Online,Gold
112,44,40486,66.07799473484273,7.2,East,F,Mobile,Bronze
113,45,56108,47.75589861213519,2.1,North,F,Online,Silver
114,81,46529,88.13551705422702,2.1,West,F,Online,Silver
115,42,39152,22.35832723846896,0.2,East,M,Mobile,Bronze
116,49,43585,68.10350683069437,0.1,East,F,Store,Bronze
117,44,120777,61.167460103019536,2.4,East,F,Online,Platinum
118,27,35284,30.234846279611446,1.7,South,M,Mobile,Gold
119,62,40156,14.523489461466088,5.5,North,F,Store,Silver
120,56,61409,65.51233628725038,0.5,East,M,Mobile,Silver
121,56,63118,74.12114835510074,0.1,South,F,Online,Bronze
122,31,65743,32.24710703257165,1.8,West,M,Store,Silver
123,66,49979,64.83842779820907,0.8,East,M,Store,Silver
124,23,20506,40.11795985353882,0.2,South,F,Mobile,Silver
125,53,82183,71.60748144497916,3.9,East,F,Store,Bronze
126,77,20472,20.72231221451126,0.4,North,F,Online,Bronze
127,30,42248,89.13128526098126,2.8,North,F,Online,Bronze
128,36,24905,29.453550050092392,1.0,West,M,Online,Platinum
129,46,35169,37.410812787859136,0.6,East,M,Mobile,Silver
130,37,42803,6.751103255954629,1.4,South,M,Store,Silver
131,21,42645,12.039709019806363,4.9,West,F,Store,Bronze
132,46,44844,52.070328368520485,1.5,East,M,Store,Bronze
133,29,81377,27.49167499606918,4.2,West,F,Online,Gold
134,52,45559,83.71254234847724,0.4,South,F,Store,Silver
135,31,32142,2.4546454768404304,4.4,West,M,Online,Silver
136,68,58808,38.530310818521684,0.8,West,F,Store,Bronze
137,33,65823,34.397209130140176,3.4,West,M,Online,Gold
138,40,20000,2.9134354608425026,2.5,East,F,Store,Bronze
139,57,48957,13.312471501050512,7.9,South,M,Mobile,Bronze
140,26,51564,41.95062481694489,1.5,North,F,Mobile,Silver
141,48,31295,49.793593860297214,0.2,East,M,Online,Bronze
142,64,72247,41.02468497823204,0.1,North,M,Online,Bronze
143,20,33690,53.56283016279729,5.3,North,F,Store,Silver
144,47,38668,59.91803581566247,2.2,East,F,Store,Silver
145,48,33305,1.9824582916557274,4.5,East,M,Mobile,Gold
146,56,36599,46.945420785896886,0.8,South,F,Store,Silver
147,26,20991,96.38642484787124,1.3,South,F,Online,Bronze
148,25,20000,52.384195732825326,0.1,West,F,Online,Bronze
149,52,80599,68.07668447843636,9.8,North,M,Online,Platinum
150,49,23778,31.874521933771437,3.3,South,M,Online,Silver
151,48,22121,77.62514643712349,8.1,West,F,Online,Gold
152,50,20000,77.51922670573539,0.9,South,F,Mobile,Bronze
153,34,26384,52.608308717759755,2.8,East,M,Mobile,Silver
154,48,20000,97.62536850464214,3.4,South,F,Online,Bronze
155,49,82537,13.429471261502684,1.1,North,M,Store,Silver
156,34,60168,2.6778188240685186,5.7,South,F,Online,Platinum
157,72,25743,77.2456629639525,8.8,North,F,Mobile,Platinum
158,52,111995,80.90839819912337,6.5,East,F,Online,Silver
159,27,59330,12.900515682937048,4.0,North,M,Mobile,Silver
160,54,30871,27.292700462902,1.0,South,M,Mobile,Platinum
161,30,20000,2.737683973296262,1.0,West,M,Online,Silver
162,56,114173,30.037552467275905,9.9,East,M,Online,Bronze
163,62,20000,77.54104551794848,0.0,South,F,Store,Silver
164,32,20000,52.278092243545316,3.8,East,F,Mobile,Bronze
165,59,60553,35.46146372366052,3.7,East,M,Store,Silver
166,51,122992,37.802190195726695,2.9,South,F,Online,Silver
167,57,72557,1.1340089458313471,13.8,South,F,Mobile,Silver
168,73,48144,30.680252228958352,1.1,West,M,Store,Bronze
169,41,48892,64.99941542215512,1.2,East,F,Store,Bronze
170,33,55642,97.44524993781936,0.2,East,F,Store,Silver
171,31,53075,84.85902187140606,1.8,South,M,Online,Gold
172,32,41797,3.3359014999073837,0.9,North,F,Online,Silver
173,43,38257,89.9574998628091,1.3,South,F,Online,Bronze
174,50,35196,78.53664291656396,5.4,East,F,Mobile,Platinum
175,49,24909,78.25723623352707,8.2,South,M,Online,Platinum
176,57,31560,46.341580141353575,0.6,West,M,Mobile,Bronze
177,45,20000,40.40252400249578,1.4,North,F,Store,Bronze
178,66,34573,30.98865715448607,7.9,South,F,Store,Gold
179,41,22152,7.503791036482212,0.2,West,F,Online,Gold
180,85,20914,23.59530098587621,0.3,East,M,Store,Platinum
181,54,39733,25.41375986282444,0.5,South,M,Online,Gold
182,32,72838,48.92362990130996,2.7,East,M,Mobile,Silver
183,28,57478,74.99699625307271,0.5,West,F,Store,Silver
184,52,20000,47.907173011396715,10.3,East,F,Online,Bronze
185,41,22140,6.7266004952689,1.8,West,F,Store,Bronze
186,55,58127,95.82119029783219,2.1,West,F,Store,Silver
187,52,22220,94.32970759031711,0.8,West,F,Online,Silver
188,43,32457,78.73376477169244,1.9,South,M,Store,Silver
189,32,47811,99.14146225485784,3.3,East,F,Store,Gold
190,22,22377,54.90375094722603,4.2,East,F,Store,Bronze
191,38,38280,96.3140666750674,4.2,North,F,Store,Silver
192,57,20000,8.484899021058327,2.6,North,M,Mobile,Bronze
193,48,26884,37.20239407787576,7.0,North,F,Store,Silver
194,26,42611,23.31274553266982,5.1,North,M,Store,Gold
195,47,20000,20.387475329292734,4.2,East,M,Online,Silver
196,50,45262,14.939491940374932,0.2,West,M,Mobile,Platinum
197,31,35960,62.61895051503367,0.0,West,M,Online,Bronze
198,47,47870,78.3508637189832,0.7,South,M,Online,Silver
199,45,40617,58.251541542615705,3.3,West,F,Online,Bronze
200,27,71830,15.549308249232757,1.6,East,F,Mobile,Silver
201,50,38661,81.30125322341362,1.5,East,M,Online,Gold
202,53,29298,63.95951600920912,6.5,East,M,Online,Silver
203,61,38605,39.42840490657256,6.8,South,M,Online,Gold
204,60,47650,67.73889925807023,7.2,North,F,Store,Bronze
205,24,37213,26.730592945040453,1.1,West,F,Online,Gold
206,30,37060,35.17402864092684,3.5,East,M,Mobile,Bronze
207,52,25565,91.83109847006703,1.0,East,F,Mobile,Gold
208,52,26070,29.759946061470618,0.6,North,F,Store,Bronze
209,52,20000,47.52883854763572,0.6,East,M,Mobile,Bronze
210,85,87097,89.12397260220546,1.3,West,M,Mobile,Silver
211,53,20000,71.06441367648522,1.7,South,F,Store,Platinum
212,62,25682,7.158119390305572,5.3,East,F,Online,Bronze
213,59,25356,15.583001383618063,0.4,West,F,Store,Bronze
214,54,56809,1.776317486419765,4.0,East,M,Online,Gold
215,40,31336,63.461257232687174,2.3,North,M,Online,Bronze
216,56,67769,45.31966911563141,1.0,East,M,Mobile,Bronze
217,33,25932,14.293210239325278,2.0,East,F,Store,Silver
218,41,41751,95.83547798462027,1.1,South,F,Mobile,Bronze
219,37,23916,53.43631267061637,2.7,North,M,Mobile,Platinum
220,46,106146,24.94743611717603,1.7,North,F,Online,Gold
221,79,20054,50.559753544316045,0.5,South,M,Mobile,Silver
222,18,42400,68.28241294077567,0.4,East,F,Store,Platinum
223,55,49855,8.547682579382883,2.4,West,M,Mobile,Silver
224,20,44662,28.195677689741306,7.0,North,F,Mobile,Bronze
225,37,33102,80.88958359751537,1.3,North,F,Online,Bronze
226,61,34033,46.50682216986346,4.0,East,M,Store,Silver
227,45,37119,55.1111370611972,3.2,East,M,Mobile,Bronze
228,28,33742,43.84878421873746,8.0,North,M,Online,Platinum
229,34,58802,5.346094321657507,5.2,East,M,Mobile,Gold
230,55,109673,17.409228202195436,2.5,West,M,Store,Bronze
231,34,27481,45.1086222354472,3.2,North,F,Mobile,Silver
232,48,20000,21.709361075384855,6.9,West,M,Mobile,Gold
233,45,34747,5.947923837308195,1.5,West,M,Online,Platinum
234,35,131907,84.52131674113055,1.2,East,M,Mobile,Gold
235,77,24298,98.13806038724746,0.0,West,M,Online,Silver
236,54,82417,79.5211445256772,5.3,East,M,Store,Gold
237,18,84023,85.52470724876204,4.8,South,F,Mobile,Silver
238,47,27534,24.95573590138749,0.3,East,M,Store,Silver
239,35,48266,96.10207057580678,2.6,West,M,Store,Bronze
240,57,81977,20.49564474088941,1.9,South,M,Mobile,Bronze
241,33,30044,95.1915512258214,0.4,East,F,Online,Silver
242,43,32800,99.48711010262915,11.8,West,F,Store,Bronze
243,52,27150,71.46055776885882,0.7,North,M,Store,Bronze
244,57,21864,98.13322944739036,0.2,North,M,Mobile,Gold
245,26,26248,57.38443817714326,2.7,East,F,Mobile,Bronze
246,39,20000,26.69463653443294,4.0,East,F,Mobile,Silver
247,37,36939,44.26259268089647,0.1,North,F,Mobile,Silver
248,35,24711,59.76253260249981,3.2,West,M,Mobile,Platinum
249,71,40818,8.235074640674483,2.3,West,M,Mobile,Silver
250,51,20000,62.611983197107364,0.3,West,F,Online,Bronze
251,26,42849,98.13660583946717,0.6,East,M,Store,Silver
252,58,55092,19.820657328589036,2.5,South,F,Online,Gold
253,76,20000,79.46691651254994,1.1,South,F,Online,Platinum
254,60,43784,90.88198058418232,8.4,South,F,Mobile,Silver
255,22,67092,94.42645768920185,5.1,South,M,Store,Bronze
256,37,20000,96.05342483613927,12.3,South,F,Online,Platinum
257,64,83808,52.624504233425725,0.9,East,F,Mobile,Bronze
258,34,44779,97.75348289115887,10.5,East,M,Mobile,Silver
259,51,25527,75.97371050630944,1.7,South,F,Store,Silver
260,56,35316,17.005472187459226,1.3,East,M,Online,Bronze
261,31,48009,48.213110540329026,0.2,East,F,Online,Bronze
262,44,37722,72.1147863618284,0.2,South,M,Online,Bronze
263,18,47542,25.48669126608925,3.5,West,F,Mobile,Silver
264,29,22917,64.42090317133984,1.8,East,F,Store,Platinum
265,41,39524,66.9934474256153,0.8,West,F,Store,Bronze
266,26,20000,17.10727463704802,2.9,East,F,Online,Gold
267,69,34351,56.943445932822875,0.9,East,F,Mobile,Bronze
268,23,23110,77.39106418688216,2.6,South,M,Online,Silver
269,38,25140,50.39067078905825,1.3,East,M,Store,Bronze
270,46,67376,2.198208560834635,5.2,North,F,Mobile,Platinum
271,66,62671,1.8948084388499256,5.2,North,F,Online,Gold
272,23,49245,36.3459050530312,1.9,South,F,Online,Silver
273,62,21032,92.69321277474641,1.3,West,M,Mobile,Gold
274,45,31001,23.63900118075727,1.4,West,M,Store,Silver
275,30,66605,63.802005198297024,4.9,West,F,Mobile,Platinum
276,51,38982,22.985511198638736,1.2,North,M,Online,Gold
277,47,115805,32.84532897629531,0.7,West,F,Online,Platinum
278,35,44207,84.95616687054691,0.3,West,F,Online,Silver
279,46,39975,73.15728278472474,1.9,South,F,Online,Bronze
280,39,31114,10.444528454007852,2.0,West,M,Store,Silver
281,46,38823,43.441500077656926,5.5,North,F,Store,Bronze
282,54,33649,3.8878066008811825,0.8,North,F,Online,Silver
283,68,51743,48.60812451369789,1.4,North,F,Store,Silver
284,26,58591,66.58096715840574,5.0,South,M,Store,Silver
285,76,24514,12.731759736217004,5.2,South,M,Store,Bronze
286,18,20000,29.5996089520074,1.5,East,M,Online,Bronze
287,42,20000,40.38582592471354,1.8,West,F,Mobile,Silver
288,53,46816,92.03357144094892,1.1,South,M,Mobile,Platinum
289,49,20916,99.33224652687343,8.1,North,F,Mobile,Bronze
290,35,20000,5.446218600565969,0.4,North,M,Online,Silver
291,41,44103,76.3397844260438,8.1,South,F,Store,Gold
292,37,126310,37.80068257383198,3.5,South,M,Store,Silver
293,36,36205,39.853360436718525,2.3,South,F,Online,Bronze
294,57,55229,75.67223236135524,0.1,East,M,Online,Silver
295,50,37832,91.92421678239546,1.9,North,M,Mobile,Bronze
296,34,34563,95.14193085575229,1.6,East,M,Mobile,Platinum
297,58,57499,58.135136017793755,0.5,East,F,Online,Bronze
298,49,31409,36.35499477074978,3.2,West,M,Mobile,Bronze
299,57,41510,78.96735950001914,10.6,North,M,Store,Bronze
300,54,42652,25.849136942967725,2.5,North,M,Online,Bronze
301,32,26002,56.843328854518255,3.8,South,M,Online,Gold
302,36,59636,36.49926769096244,0.2,South,F,Store,Bronze
303,56,33273,66.00647629707973,1.6,West,M,Store,Bronze
304,54,24887,24.799492376457184,0.4,East,F,Store,Silver
305,44,47489,19.96770162774775,2.8,South,F,Mobile,Bronze
306,46,23173,91.90566958086828,8.4,South,F,Online,Bronze
307,64,36830,11.078564612004152,3.3,North,F,Mobile,Gold
308,36,36150,51.08983286575823,0.2,North,M,Store,Gold
309,53,62501,22.864425513337885,1.3,South,F,Mobile,Platinum
310,41,46043,4.854066369241077,2.4,North,F,Store,Gold
311,41,35863,4.565863010851213,1.5,West,F,Mobile,Silver
312,61,54659,18.346955438476908,5.4,South,F,Mobile,Bronze
313,57,72773,86.81026509609403,5.1,North,M,Store,Gold
314,57,47997,28.96539565372564,2.8,West,M,Mobile,Gold
315,64,36503,95.09545788695428,1.4,North,F,Online,Gold
316,45,20000,58.58060700593016,0.9,North,F,Mobile,Silver
317,55,21320,44.22480478710784,0.3,North,F,Mobile,Bronze
318,40,31175,58.428794632276,1.3,South,M,Online,Gold
319,49,26775,52.153140137400506,1.6,East,M,Store,Gold
320,43,33074,76.11884912197519,3.4,North,M,Online,Platinum
321,46,37358,28.967110531312375,3.2,West,M,Mobile,Bronze
322,53,47327,35.951988768429935,0.2,South,M,Store,Bronze
323,32,35057,89.51533595079182,1.5,South,F,Mobile,Bronze
324,76,46316,94.69919480189014,0.6,West,M,Mobile,Gold
325,29,37505,89.36326452116097,0.5,North,M,Online,Bronze
326,26,20000,42.525351401774046,5.3,East,F,Online,Bronze
327,62,22704,78.25618479768129,0.1,North,M,Store,Platinum
328,56,33791,48.157237596808784,1.6,West,M,Store,Bronze
329,54,20000,50.25644536246412,0.6,South,M,Store,Gold
330,54,49019,21.263330796671113,6.3,East,F,Mobile,Bronze
331,44,78071,59.52190002259313,2.4,South,M,Online,Gold
332,31,66794,19.427453877581446,0.8,West,F,Online,Silver
333,46,32639,33.824905207652186,2.1,North,F,Online,Platinum
334,34,76524,85.64798996037358,3.9,East,M,Store,Platinum
335,59,39117,21.500505111874666,9.5,South,M,Online,Bronze
336,42,30682,8.044670232169848,0.7,South,M,Online,Bronze
337,32,26723,7.831751668668814,6.5,South,M,Online,Bronze
338,40,31218,94.13766752980769,8.2,North,F,Store,Silver
339,51,29908,51.185123358221624,7.4,East,M,Online,Gold
340,36,39545,41.53179510988481,3.0,North,F,Store,Silver
341,32,39351,81.27697951978392,3.0,North,F,Online,Silver
342,48,36370,83.74676686314109,1.5,North,F,Online,Bronze
343,48,45182,33.88691227844485,4.2,West,F,Online,Gold
344,37,65862,69.66818768990572,2.3,West,F,Store,Platinum
345,37,58382,77.34115876933677,3.4,West,M,Store,Bronze
346,48,20000,65.8104179997295,1.7,East,F,Online,Silver
347,23,20000,16.007912405209836,3.9,North,F,Mobile,Bronze
348,23,57939,87.71242526818864,5.2,North,M,Store,Silver
349,34,20000,54.37036072086486,0.5,West,M,Store,Silver
350,41,32455,28.964770210630366,5.4,North,F,Online,Bronze
351,49,20230,43.0975903583317,2.3,North,F,Mobile,Silver
352,67,20000,4.719537949491831,5.6,South,M,Online,Bronze
353,57,47606,13.658813321019338,1.7,North,F,Store,Silver
354,42,53081,76.78912830107022,1.4,South,M,Store,Silver
355,44,27221,1.0011518407812479,7.4,North,M,Online,Bronze
356,29,20000,42.24001701974692,0.9,East,F,Online,Gold
357,44,27636,52.72850792747325,5.6,West,M,Mobile,Gold
358,40,44174,6.408807580096257,2.0,South,F,Mobile,Bronze
359,49,20000,97.33473813426095,2.2,West,F,Store,Bronze
360,32,39802,23.38640779371752,1.1,South,F,Mobile,Gold
361,52,36038,31.115673243991807,2.6,South,M,Mobile,Platinum
362,67,48515,31.090308713247705,1.2,South,F,Store,Bronze
363,43,38553,23.81124954961764,0.1,East,M,Store,Bronze
364,51,22325,1.1459083865448303,1.0,North,F,Store,Bronze
365,55,66057,73.20513461471164,0.0,South,F,Store,Silver
366,38,33548,96.71770448012926,11.5,East,M,Online,Bronze
367,48,35823,23.20505484521946,10.1,South,F,Store,Bronze
368,45,22773,66.64167198853882,1.5,North,F,Store,Silver
369,46,29096,74.4477363689128,3.9,South,M,Store,Silver
370,33,23332,84.99411252996195,1.3,East,M,Mobile,Bronze
371,45,33307,42.8402905043473,3.3,North,M,Store,Silver
372,52,85464,30.990159658402494,4.9,East,F,Online,Silver
373,66,20000,33.20421826828008,8.8,North,M,Online,Bronze
374,59,20000,71.54951197675277,1.5,North,M,Store,Bronze
375,77,75779,81.86116718405796,4.6,West,F,Online,Gold
376,33,32706,18.979782807903664,0.9,West,M,Mobile,Bronze
377,58,25989,37.72315980761876,13.9,West,F,Store,Gold
378,47,61080,90.29207947816586,0.1,North,F,Online,Platinum
379,77,26827,80.86265844977919,2.8,South,M,Online,Bronze
380,32,90490,98.5009818734851,3.2,East,F,Store,Bronze
381,32,50968,75.670577708526,3.5,East,M,Online,Silver
382,36,28454,39.9263249017643,0.4,East,M,Store,Gold
383,18,106793,59.47314556546914,8.4,West,M,Online,Platinum
384,37,26826,66.44041117048471,0.6,North,M,Mobile,Gold
385,33,52630,8.767125815395271,2.9,West,F,Online,Bronze
386,47,42177,54.90519895128264,0.8,South,F,Online,Silver
387,50,69624,71.22276201878834,1.1,North,M,Store,Silver
388,73,79281,17.564809096104977,2.4,East,M,Online,Silver
389,59,36901,78.28254002513016,1.6,West,F,Store,Bronze
390,36,24916,58.79350527089705,0.5,West,M,Mobile,Bronze
391,31,45706,95.26995678406188,0.6,South,F,Store,Gold
392,52,25877,5.199807522482278,1.6,South,M,Store,Silver
393,25,99378,27.26728761799123,4.2,West,F,Online,Bronze
394,72,38881,60.55383405068258,6.8,South,F,Mobile,Bronze
395,62,30252,30.35943130838714,0.3,East,F,Store,Gold
396,37,39828,71.72799224305298,1.5,South,M,Online,Gold
397,19,20000,76.14152296967117,0.3,South,M,Online,Bronze
398,65,22341,11.14908044258097,0.1,West,M,Store,Bronze
399,43,66184,51.871591956470006,3.3,West,M,Online,Bronze
400,63,26148,51.380165003514534,2.8,North,M,Store,Platinum
401,21,21515,37.55879625133856,0.5,North,F,Store,Silver
402,36,47492,93.35956139439755,0.8,West,F,Store,Silver
403,45,65699,82.9231256674489,0.1,South,F,Mobile,Silver
404,45,52024,70.02372880905403,5.4,South,F,Store,Bronze
405,38,59755,71.71833693776476,11.0,North,F,Online,Gold
406,54,24874,46.70989823749879,0.4,North,F,Mobile,Silver
407,28,20000,92.17845758856102,0.8,North,F,Online,Bronze
408,42,76931,69.76494729807526,6.1,East,M,Mobile,Bronze
409,46,30904,73.16912510392582,7.8,East,F,Mobile,Silver
410,52,32034,86.30739947494718,1.6,North,M,Mobile,Platinum
411,55,70551,28.13308734487691,0.2,South,F,Mobile,Bronze
412,28,47959,80.9000194828036,0.1,North,F,Online,Gold
413,21,45612,20.32881969269271,2.6,East,M,Store,Gold
414,64,107205,35.1888532722439,1.5,South,F,Online,Bronze
415,49,26324,34.225434972714424,0.1,East,M,Store,Bronze
416,33,57752,97.87402137052491,2.6,South,F,Online,Bronze
417,68,37365,85.79718515104476,0.0,East,M,Mobile,Gold
418,46,41535,70.41581629743571,4.6,South,F,Mobile,Bronze
419,62,77982,72.97861939992362,1.1,South,M,Store,Bronze
420,46,46813,56.645206645854536,0.1,South,M,Store,Silver
421,75,47531,94.76197604374339,2.7,South,F,Online,Gold
422,71,62084,50.12961653535379,1.5,West,F,Store,Bronze
423,41,30258,38.67125327711956,10.9,East,M,Online,Silver
424,59,23870,17.14049835622751,2.4,East,F,Store,Silver
425,54,21538,78.83435957384474,1.0,West,M,Store,Silver
426,65,20000,73.70994927548355,3.7,South,F,Store,Gold
427,30,101529,39.051148813889355,1.0,South,M,Mobile,Bronze
428,55,20918,3.4941479819637067,7.0,East,F,Mobile,Gold
429,60,32512,84.06073544408306,1.4,West,M,Online,Silver
430,18,31621,2.1303803619532897,2.4,South,F,Store,Silver
431,27,42349,70.66627818327605,0.2,South,M,Online,Silver
432,18,54604,97.05545386287965,1.7,South,M,Store,Silver
433,40,55839,44.32847148667214,5.4,North,F,Mobile,Bronze
434,55,27131,24.262367094599323,4.9,West,F,Mobile,Silver
435,67,33404,70.7822299942948,0.8,South,M,Store,Silver
436,46,41826,81.89568605954292,0.8,North,M,Store,Silver
437,69,32069,55.09660129170688,5.1,West,M,Mobile,Bronze
438,24,81119,96.73649225035847,8.0,South,M,Mobile,Platinum
439,19,46420,6.1152034441381495,0.3,East,F,Online,Silver
440,44,52440,50.97476423214829,1.8,North,M,Mobile,Bronze
441,50,50586,72.12694078493246,1.2,North,M,Store,Silver
442,44,65299,86.40140664376872,6.1,South,M,Online,Gold
443,18,39755,18.746305578871215,0.3,South,F,Store,Gold
444,43,20000,80.20034469460445,0.7,North,M,Online,Silver
445,25,44348,55.71800049613598,4.2,East,F,Store,Gold
446,55,26221,40.25881451700636,0.2,East,F,Mobile,Bronze
447,50,27880,14.039787829330262,2.0,West,F,Store,Silver
448,30,48687,86.66428013198232,1.8,South,F,Online,Gold
449,37,67449,16.57004760979182,1.2,East,F,Store,Gold
450,29,36703,31.668998061700826,1.5,West,F,Online,Silver
451,44,42379,29.71450766428125,2.3,East,F,Store,Gold
452,59,85059,87.26998938489457,0.5,South,M,Mobile,Bronze
453,30,40961,67.59759642668091,2.5,West,M,Mobile,Gold
454,52,133364,79.87145832194587,4.9,West,F,Store,Bronze
455,37,48182,25.7963219804574,4.3,West,M,Store,Bronze
456,33,20000,62.862535861092894,0.5,East,M,Store,Bronze
457,43,52927,57.60285233123112,0.5,South,F,Online,Silver
458,29,43939,83.45020730203883,0.9,West,M,Store,Bronze
459,36,69208,90.7026189876448,1.3,North,F,Store,Bronze
460,27,50847,2.203520376261294,1.6,South,M,Online,Bronze
461,74,33886,67.72797198682048,3.4,North,F,Mobile,Bronze
462,45,20000,6.131744112853173,0.2,North,F,Store,Silver
463,34,32711,55.33700784265824,0.1,West,M,Store,Silver
464,48,23735,29.47564017532414,1.5,West,M,Mobile,Bronze
465,43,27166,31.37088335269198,3.6,East,F,Mobile,Gold
466,41,48741,35.9428918417833,0.6,East,F,Online,Gold
467,54,83696,62.5079524559114,3.1,East,F,Store,Gold
468,56,44237,34.07094660120815,0.9,South,M,Store,Bronze
469,37,20000,73.53720600843776,6.5,East,M,Online,Gold
470,36,45356,41.0482111718131,6.8,North,M,Mobile,Bronze
471,40,66059,7.766966830685903,1.1,East,M,Online,Bronze
472,18,26771,78.59222440592661,0.8,West,F,Mobile,Bronze
473,22,33961,29.290074134677894,1.6,East,F,Online,Gold
474,65,36583,43.843921080327,0.8,South,F,Mobile,Bronze
475,69,24527,68.85894443896825,3.3,South,F,Online,Bronze
476,41,50218,33.91315955772249,5.2,North,M,Mobile,Bronze
477,53,34184,6.601979958524847,3.4,South,F,Mobile,Gold
478,49,44791,38.01818365426855,5.2,East,F,Mobile,Silver
479,85,23301,94.50040968673603,1.5,West,M,Mobile,Bronze
480,61,29180,64.53170533255727,0.5,South,M,Mobile,Silver
481,43,52114,67.47643571805348,4.0,North,F,Store,Silver
482,30,30139,63.59593321012635,1.3,East,M,Mobile,Silver
483,20,86118,20.70022175698424,3.3,North,F,Store,Bronze
484,48,29738,42.415052546125736,0.9,South,M,Mobile,Gold
485,33,40633,75.3430400379685,0.3,South,M,Store,Bronze
486,23,57889,11.035916857762755,14.7,North,F,Store,Silver
487,35,20000,28.507424832881515,0.5,East,M,Online,Bronze
488,28,20000,28.355591738119507,13.4,South,F,Mobile,Bronze
489,70,20000,43.769873831856096,11.4,West,M,Online,Bronze
490,58,68274,98.05650535327632,4.7,South,M,Online,Silver
491,44,27558,7.682752121698372,3.2,East,M,Mobile,Bronze
492,67,130496,52.35139844367891,2.6,South,M,Online,Gold
493,46,27388,18.757103519208833,6.0,North,M,Mobile,Bronze
494,32,39826,97.09697799556467,1.0,South,F,Online,Silver
495,67,78515,12.217046968018956,1.9,South,M,Mobile,Gold
496,53,99016,40.95649923379753,2.9,East,F,Mobile,Silver
497,29,101798,74.050613498626,1.6,North,M,Mobile,Gold
498,42,66448,70.75088837471708,1.7,East,F,Store,Silver
499,31,60598,42.85013505249929,1.2,South,M,Online,Bronze
500,24,48837,35.3058926273191,2.5,West,F,Store,Gold
501,58,53593,40.363625476734185,5.7,South,F,Online,Bronze
502,73,27567,27.16335005270529,0.7,East,M,Online,Silver
503,24,24122,21.32796093197318,8.2,West,M,Online,Gold
504,53,36254,48.820930058330106,3.5,East,M,Store,Bronze
505,35,33353,27.584841850693124,5.2,East,F,Online,Bronze
506,37,28951,29.458704824827763,2.4,North,F,Store,Silver
507,36,51441,66.01885028398115,4.5,West,M,Mobile,Gold
508,32,58550,96.88519583828933,0.0,South,M,Online,Platinum
509,45,37956,60.76008285537814,5.1,East,F,Online,Silver
510,32,76021,8.620967239431662,0.1,South,F,Mobile,Silver
511,49,20520,8.48277777155263,6.6,North,M,Mobile,Platinum
512,44,32963,95.19089886371103,14.5,North,F,Online,Bronze
513,41,25376,30.43178824042603,1.0,West,M,Mobile,Bronze
514,31,20000,10.114631622165067,0.7,North,M,Store,Gold
515,36,34844,60.30541412788777,4.3,North,M,Store,Gold
516,56,34170,62.741229050736344,0.9,South,F,Online,Gold
517,52,77398,65.20197719175013,6.0,North,F,Store,Silver
518,30,49781,27.47280075789659,0.3,North,F,Store,Bronze
519,46,21761,2.495957737233028,0.4,East,F,Online,Silver
520,56,91770,96.53652157599271,11.6,North,M,Mobile,Bronze
521,19,66870,25.838411523419147,3.4,East,F,Online,Bronze
522,53,48583,67.9266025172022,5.6,North,M,Store,Gold
523,35,32427,70.95635711799224,1.2,North,M,Online,Bronze
524,53,22477,61.390734290869084,3.4,West,M,Online,Gold
525,33,30148,31.977832027151173,2.7,West,F,Store,Silver
526,18,62590,27.838529122642512,2.8,East,M,Store,Silver
527,20,93180,60.16915998756761,3.4,North,M,Online,Bronze
528,45,78560,86.74346772755746,2.6,South,F,Store,Bronze
529,48,28440,94.72663916341617,1.7,West,M,Store,Bronze
530,31,20747,11.484674635972006,1.0,South,F,Store,Platinum
531,54,38965,16.328032647174265,4.4,West,F,Store,Gold
532,20,20000,94.52888961952489,0.8,West,F,Store,Silver
533,44,42684,73.91698760514447,3.5,North,M,Store,Bronze
534,26,33731,88.41638865814754,0.8,West,F,Mobile,Platinum
535,35,28766,21.060630779398974,2.9,South,F,Online,Bronze
536,45,20000,59.17100123983079,4.1,West,F,Store,Bronze
537,32,46948,70.41281984732989,0.7,East,F,Online,Silver
538,39,27823,68.33107665925029,0.2,North,M,Mobile,Platinum
539,60,20232,41.407017395803116,0.4,North,F,Store,Bronze
540,36,20000,2.524094277439539,2.8,East,M,Online,Bronze
541,57,35819,58.70967962362205,5.7,East,F,Store,Platinum
542,28,88091,26.05705237878127,0.1,East,M,Store,Bronze
543,52,83335,45.575170368146146,4.0,West,F,Store,Bronze
544,66,28895,95.80052049329791,1.3,North,M,Store,Silver
545,18,26873,40.50449644660104,2.0,East,F,Store,Gold
546,33,45907,84.14035905977825,7.9,West,M,Store,Silver
547,53,22044,19.66551996917586,1.2,East,M,Store,Platinum
548,41,42230,67.57358930447785,1.9,South,M,Mobile,Silver
549,50,53265,97.7236884894554,0.0,South,F,Mobile,Bronze
550,35,67068,11.087416986420742,0.3,North,M,Store,Platinum
551,46,34541,1.8236742804920092,0.9,West,M,Store,Silver
552,42,32799,43.92469647062882,0.1,South,M,Mobile,Bronze
553,62,23412,10.169922822085352,3.0,South,M,Mobile,Silver
554,48,24018,75.0900506179469,1.7,West,F,Mobile,Bronze
555,50,32427,91.54031772100734,2.4,East,M,Store,Bronze
556,38,43637,43.96807629816713,0.6,West,M,Online,Bronze
557,37,57342,26.612452573388655,1.1,East,M,Online,Silver
558,38,24304,44.005928581654366,3.3,South,F,Online,Gold
559,50,76599,72.6213339671501,10.1,South,M,Online,Silver
560,38,31711,1.8963619964567269,0.2,South,M,Store,Platinum
561,49,35929,59.35594495898502,6.6,North,M,Online,Bronze
562,76,24994,61.71587680385053,2.6,North,M,Mobile,Bronze
563,58,20000,64.13113644269761,2.5,North,F,Mobile,Bronze
564,40,56501,24.960185918106845,2.1,West,M,Online,Bronze
565,63,52492,71.69121961443454,0.2,South,M,Mobile,Bronze
566,38,31550,10.047757146845864,0.3,South,F,Store,Gold
567,18,37552,20.72776331021328,2.8,West,F,Online,Platinum
568,29,47003,87.86953461879371,1.3,North,F,Online,Platinum
569,18,20000,74.13359192193008,7.5,West,M,Store,Bronze
570,39,27874,2.3608098471231798,1.6,North,F,Mobile,Gold
571,45,54021,25.58924977661022,0.5,South,M,Store,Bronze
572,70,20000,22.22624181632329,3.8,East,F,Store,Bronze
573,49,42056,27.809826475660284,1.0,North,M,Mobile,Gold
574,41,20000,25.508417257708754,2.2,South,F,Store,Silver
575,57,45853,7.190103278541728,3.6,South,M,Mobile,Bronze
576,18,35674,46.435111143085216,6.9,East,F,Mobile,Silver
577,48,20000,73.54061400383034,4.7,South,M,Store,Bronze
578,56,65014,61.066440747026206,3.4,South,M,Mobile,Gold
579,22,25152,67.6142951912099,3.4,North,M,Store,Silver
580,62,24218,9.033768675087677,8.8,North,M,Mobile,Platinum
581,50,40146,95.19758030750194,1.1,East,M,Online,Bronze
582,38,64493,84.01069155045946,0.0,East,M,Mobile,Bronze
583,54,21852,80.70394153107061,1.0,South,M,Mobile,Silver
584,79,37452,82.47539669913498,0.7,North,M,Store,Silver
585,47,44999,93.33834030514338,3.3,East,F,Mobile,Bronze
586,48,51356,54.88114264525607,3.0,East,M,Online,Gold
587,38,39664,20.827919768894965,2.7,West,M,Online,Gold
588,32,30226,62.061577177401574,0.0,East,F,Mobile,Platinum
589,57,24009,74.54526787312597,3.9,South,M,Mobile,Gold
590,32,37913,74.05382194204851,1.2,North,F,Online,Gold
591,46,21246,52.62345339252113,3.3,East,M,Store,Silver
592,37,20000,7.777413214024228,2.4,West,F,Online,Gold
593,52,45174,37.74018090458266,1.3,North,F,Online,Bronze
594,50,57066,92.15589423787237,0.4,East,M,Mobile,Bronze
595,60,20000,58.860442065985175,0.3,West,F,Mobile,Bronze
596,37,21919,54.29486238231563,5.3,East,M,Online,Silver
597,40,49492,27.61649792383716,7.5,North,M,Store,Bronze
598,30,101594,37.476443071741315,3.1,North,M,Online,Platinum
599,38,36695,89.63926282616376,0.3,North,M,Online,Bronze
600,50,25235,66.97984170515673,1.5,South,F,Store,Bronze
601,56,33141,78.95131564848096,3.9,East,M,Online,Silver
602,31,72217,45.98019688369786,4.5,South,F,Online,Bronze
603,58,26291,63.394474726159636,0.4,North,F,Mobile,Bronze
604,65,24352,25.589977265577545,0.0,West,M,Store,Bronze
605,51,28527,70.84062219806515,3.7,East,M,Mobile,Silver
606,73,22546,43.33253203663039,1.3,South,M,Mobile,Silver
607,33,38612,44.81200596665981,0.9,East,M,Store,Gold
608,26,81825,65.28291013311129,0.0,West,F,Store,Gold
609,18,42682,93.69178152542374,2.3,South,M,Online,Silver
610,67,32010,7.336628314253471,5.7,North,F,Mobile,Bronze
611,54,31385,82.64958049735375,9.5,South,M,Store,Bronze
612,44,20000,29.94592793080712,2.5,East,M,Mobile,Gold
613,49,56475,44.948025996131406,2.2,East,M,Mobile,Bronze
614,28,34929,3.1694195487258865,0.3,East,M,Store,Bronze
615,81,33181,30.80356170559699,2.4,East,F,Online,Gold
616,46,179253,50.76049302038292,1.4,North,F,Mobile,Silver
617,46,42166,6.561431657396462,2.8,South,M,Store,Bronze
618,55,24936,49.61847720893335,1.5,North,F,Online,Bronze
619,52,29343,92.7839522569843,0.8,North,F,Mobile,Platinum
620,48,64487,11.433928592672716,0.3,North,M,Store,Gold
621,33,38431,76.67963207947493,1.1,East,M,Mobile,Gold
622,52,20000,41.55743428422327,0.3,East,F,Store,Silver
623,73,57504,65.86219773790947,0.6,East,F,Store,Silver
624,65,26001,26.763423200537705,13.1,South,F,Mobile,Platinum
625,68,92655,16.78973399159447,1.8,West,F,Mobile,Platinum
626,37,62319,16.885798812851416,2.3,East,M,Store,Bronze
627,30,29037,7.978702618671321,6.2,South,M,Online,Gold
628,43,68906,19.37902378522306,16.3,East,F,Mobile,Bronze
629,45,37568,66.75771911390785,2.6,East,M,Store,Bronze
630,61,55624,88.2873705725073,5.0,North,F,Store,Silver
631,19,46275,81.59844287352502,1.2,North,F,Online,Silver
632,67,23785,68.82829667757393,1.1,North,M,Online,Platinum
633,42,26323,11.932754477699165,1.5,South,F,Online,Bronze
634,38,60777,29.629557183299035,3.3,West,F,Mobile,Silver
635,29,30718,31.670880656924428,3.4,West,M,Store,Platinum
636,20,29678,25.7457376933645,1.1,South,M,Store,Platinum
637,57,22526,51.98556031126259,0.4,East,F,Store,Bronze
638,46,44882,54.01982767308758,3.0,South,F,Online,Bronze
639,25,101850,36.33171154193991,0.4,East,M,Store,Silver
640,25,21295,36.02512671490717,2.6,South,F,Mobile,Bronze
641,39,36757,83.02700419270205,3.5,South,F,Online,Platinum
642,70,73578,79.13999198364887,3.6,South,M,Online,Platinum
643,41,34897,31.47178733639382,4.2,West,M,Online,Bronze
644,22,45532,91.46505594345267,6.2,North,M,Online,Bronze
645,41,21349,95.3286866832481,2.1,South,M,Mobile,Bronze
646,40,44988,33.34751166097404,3.9,West,M,Store,Platinum
647,18,33071,36.08806993051243,2.9,North,M,Mobile,Bronze
648,44,59448,51.05778118877392,0.6,North,F,Store,Silver
649,41,65755,94.17096044083368,0.1,South,F,Mobile,Silver
650,55,132558,87.75562388108884,1.0,East,M,Online,Silver
651,72,48524,11.15422829577539,1.8,East,M,Online,Bronze
652,61,42740,39.88034358387021,2.9,East,F,Mobile,Bronze
653,40,40022,55.78374778522741,5.7,South,F,Mobile,Platinum
654,28,30437,50.81011478260246,0.7,East,F,Store,Platinum
655,83,43012,20.192443725752376,0.4,West,M,Mobile,Gold
656,45,31328,86.02286034564732,9.9,West,M,Mobile,Bronze
657,45,39506,68.0171375166869,0.3,West,F,Store,Bronze
658,44,70178,83.95292911032855,2.0,West,M,Store,Silver
659,47,21954,86.01766365559774,2.6,North,M,Store,Bronze
660,42,64211,75.08722951290824,2.3,West,M,Mobile,Platinum
661,36,70161,44.48184952372202,0.3,East,F,Store,Silver
662,36,34233,61.44412874652703,0.2,South,F,Online,Bronze
663,44,20000,16.876175205854572,0.3,East,M,Online,Platinum
664,36,26798,67.69089633001586,2.6,West,M,Online,Platinum
665,34,69459,18.746072318188794,2.4,North,M,Mobile,Bronze
666,46,35902,69.70100946050552,0.8,West,M,Online,Silver
667,41,22034,23.730217914642896,3.0,South,M,Mobile,Bronze
668,67,28215,12.637578714871777,5.1,East,F,Mobile,Bronze
669,18,55287,17.363164524152786,0.1,South,M,Online,Bronze
670,61,47732,1.1972213866879566,2.1,South,M,Store,Silver
671,63,32226,72.15522216749949,3.5,South,M,Mobile,Platinum
672,18,30229,73.50770385677953,0.9,East,F,Online,Silver
673,39,29855,51.97840164141269,1.1,West,F,Mobile,Bronze
674,39,22897,16.974917304482986,2.9,South,M,Store,Silver
675,23,81445,9.271879413558285,6.8,East,F,Store,Bronze
676,33,30910,2.893767677291414,5.0,North,F,Online,Gold
677,28,66741,17.40906951955685,2.6,East,F,Mobile,Silver
678,71,77703,89.19469796333152,3.9,North,F,Mobile,Bronze
679,59,59823,24.912147328466496,1.4,East,F,Mobile,Bronze
680,64,29266,36.07286139450435,3.1,West,F,Mobile,Gold
681,55,44438,11.429202963651985,1.9,South,M,Online,Bronze
682,28,35878,23.01376917006886,0.6,West,F,Store,Gold
683,37,23112,52.403232507240304,3.6,East,F,Online,Bronze
684,52,42709,61.1675156264696,2.4,South,M,Mobile,Bronze
685,26,20140,25.289879102454893,1.3,North,M,Mobile,Silver
686,55,65764,6.715483763286604,7.3,East,M,Store,Platinum
687,41,28787,39.71225404361247,0.1,South,M,Mobile,Platinum
688,39,40158,24.18613372170708,1.1,North,F,Online,Bronze
689,55,41841,22.735838399750392,0.2,North,F,Online,Bronze
690,51,31905,96.02641746863208,4.4,West,F,Store,Bronze
691,39,48695,62.01374810664668,3.6,East,F,Online,Silver
692,62,28639,56.13096587403749,1.2,North,M,Online,Silver
693,28,56142,42.16173524880887,3.4,South,F,Online,Platinum
694,54,20000,43.46548900958428,1.5,North,F,Online,Platinum
695,53,38684,54.54959537997,4.2,North,M,Mobile,Bronze
696,40,95746,69.94655089657462,1.8,West,F,Online,Silver
697,49,22022,70.51246352200111,1.6,West,F,Store,Gold
698,26,25877,17.997696862839508,8.2,South,F,Store,Gold
699,58,46955,50.51116245558607,0.9,West,F,Online,Bronze
700,42,39727,41.783851408376094,0.4,North,M,Store,Bronze
701,37,43274,87.18216966066903,2.6,North,M,Online,Silver
702,60,46378,63.510473200619266,10.5,West,M,Store,Bronze
703,34,49879,53.7179025751822,1.4,North,M,Store,Bronze
704,23,63249,12.42406957571282,0.2,North,M,Online,Bronze
705,21,44574,60.958151043017736,1.2,South,F,Online,Silver
706,54,32188,12.60318666234311,2.1,West,F,Mobile,Bronze
707,25,50832,34.38345098100945,0.5,North,M,Online,Bronze
708,71,93895,15.141354516618854,3.2,West,M,Online,Bronze
709,18,33985,69.51529105541252,18.3,South,M,Mobile,Gold
710,70,22308,21.41895926977911,1.8,West,F,Online,Gold
711,48,63167,39.794077945614575,1.3,North,M,Online,Silver
712,43,34194,89.67180298425909,1.5,West,F,Mobile,Silver
713,36,20000,21.22732195649806,0.4,North,F,Online,Platinum
714,50,55476,51.27270133191913,6.4,North,F,Online,Bronze
715,44,27787,42.50789445543618,1.6,North,F,Mobile,Bronze
716,61,34708,2.7942800635272436,1.5,South,M,Mobile,Bronze
717,46,42872,79.48305324370847,3.2,West,F,Store,Bronze
718,47,39944,7.835544725145373,1.8,South,F,Online,Bronze
719,39,51778,47.95124707671841,3.1,West,M,Store,Platinum
720,44,29209,56.507151198956045,0.2,South,F,Store,Silver
721,49,46936,63.21421920484412,5.0,East,F,Mobile,Silver
722,19,31895,69.17453130147969,8.5,North,F,Online,Platinum
723,24,52543,26.073965968748794,3.1,North,M,Online,Bronze
724,56,49398,1.987898889186488,9.3,South,F,Mobile,Bronze
725,47,22749,72.62092257313628,0.5,East,F,Store,Silver
726,42,62504,54.03000333541028,1.9,North,M,Mobile,Silver
727,45,27778,83.77565261751762,2.8,West,M,Online,Bronze
728,50,54395,82.31744792716873,2.6,South,F,Mobile,Silver
729,36,43636,84.48929061100043,1.5,North,F,Online,Silver
730,33,91043,49.02437133797447,1.2,North,M,Store,Silver
731,47,32476,34.0292111878497,0.4,South,F,Online,Silver
732,30,30495,79.36426205654563,1.5,South,M,Store,Bronze
733,51,35964,45.67811718989624,0.5,West,F,Store,Bronze
734,19,31207,19.160777443940017,4.0,West,M,Online,Silver
735,60,54174,85.64242793658596,0.7,North,F,Online,Bronze
736,52,20000,88.37342780046238,0.2,North,M,Store,Platinum
737,48,21443,47.16466585787684,2.4,South,M,Mobile,Silver
738,59,21292,8.49427300366896,2.7,North,M,Online,Bronze
739,69,58404,39.394782901776196,6.2,North,M,Store,Gold
740,60,85417,80.55022828679773,2.6,South,M,Store,Silver
741,18,34467,90.27562882607664,1.3,North,F,Mobile,Bronze
742,25,33375,21.143801507261987,4.9,North,F,Online,Gold
743,35,37610,7.630387590501881,2.3,East,M,Store,Gold
744,45,64921,87.85769486015103,0.2,West,F,Mobile,Silver
745,52,22841,39.55108895890866,2.5,South,F,Store,Bronze
746,34,40912,54.634335462488764,7.2,East,F,Online,Silver
747,47,59136,96.83851539302513,1.5,West,F,Mobile,Gold
748,33,46655,7.589908063508062,1.1,West,F,Store,Bronze
749,35,39926,65.18348273775746,0.5,West,F,Mobile,Bronze
750,23,59905,8.33643683491184,0.5,East,M,Online,Gold
751,31,20000,38.171423918183535,1.7,East,F,Mobile,Bronze
752,24,50967,80.57763997415123,2.7,West,F,Online,Gold
753,30,26185,43.9137510428078,0.3,North,F,Store,Silver
754,60,20000,99.72105303639209,8.4,North,M,Online,Silver
755,30,46891,56.34686920971362,4.2,East,F,Store,Bronze
756,84,72173,32.795053110959394,2.7,East,F,Store,Gold
757,52,33903,22.79102126457056,5.3,East,F,Online,Bronze
758,47,58479,35.70153289433002,0.3,West,M,Store,Silver
759,32,81319,37.88079410219553,1.9,North,F,Mobile,Silver
760,55,70084,7.802654094672136,3.0,East,M,Store,Gold
761,36,82452,37.58784574325054,5.3,East,F,Online,Platinum
762,46,52631,46.95961345418327,4.6,South,M,Mobile,Silver
763,83,37711,72.55103747164166,1.0,West,M,Mobile,Bronze
764,43,20000,66.01621898743919,8.5,South,M,Store,Platinum
765,62,32111,71.16779986768627,0.4,North,F,Store,Silver
766,34,23822,1.8280045058088528,6.2,South,M,Online,Bronze
767,44,107524,22.549072558473068,10.6,South,M,Mobile,Bronze
768,71,33258,66.5067445515858,0.6,South,M,Online,Gold
769,35,38622,48.914947449794965,3.8,West,M,Store,Bronze
770,72,47845,1.5260340911662487,0.1,North,F,Mobile,Silver
771,55,37115,80.64496960075041,1.6,South,F,Online,Silver
772,36,84755,77.50814775574341,2.2,West,F,Online,Bronze
773,54,26600,55.2934971363627,2.6,North,F,Online,Silver
774,59,40026,7.57986925185094,8.2,East,M,Online,Bronze
775,54,25053,76.88498990372588,3.3,South,F,Online,Silver
776,21,20000,58.78764518540503,2.0,North,M,Mobile,Silver
777,34,26745,78.41403773863796,5.0,South,F,Online,Silver
778,41,35649,75.4229522471882,9.0,East,F,Mobile,Gold
779,43,29300,80.49720512382588,0.1,North,F,Online,Gold
780,54,25688,52.28279857405786,12.1,West,M,Store,Gold
781,47,20000,14.892127301157984,0.3,North,F,Store,Bronze
782,24,34837,67.44458986458918,5.1,West,F,Online,Bronze
783,50,20000,62.42690472014509,1.0,North,F,Store,Silver
784,54,53105,74.48306553270963,0.4,West,M,Mobile,Platinum
785,53,37843,17.818219599022797,1.7,East,F,Online,Gold
786,61,20000,20.302544790128632,3.1,East,F,Mobile,Gold
787,57,31113,89.15054220471352,1.4,East,M,Online,Bronze
788,51,24932,75.24780204675501,0.2,North,M,Store,Silver
789,43,42599,90.91462038133197,2.7,East,F,Mobile,Silver
790,20,70985,76.11281679522816,7.0,South,F,Store,Bronze
791,51,20000,60.11837529303988,1.4,East,F,Store,Bronze
792,48,38465,65.7591409657595,0.7,West,M,Online,Platinum
793,49,33521,89.02366447006098,1.8,West,M,Mobile,Bronze
794,25,50800,58.301868696682114,0.1,West,M,Store,Bronze
795,28,40400,63.606741108510356,5.2,North,F,Online,Bronze
796,60,24934,16.491194884356457,5.3,South,M,Online,Platinum
797,44,30960,47.91820079149417,2.7,East,F,Online,Silver
798,55,24391,71.92331408385179,1.3,South,M,Store,Silver
799,45,62193,27.823327133320177,4.8,South,M,Online,Platinum
800,45,36704,21.023163871928958,2.4,West,M,Mobile,Bronze
801,59,93957,32.06885401421714,5.2,West,F,Mobile,Silver
802,37,35230,24.908562171290512,3.0,West,F,Store,Bronze
803,46,25483,22.27635106660319,4.6,North,F,Mobile,Bronze
804,38,20000,43.06023344394061,2.7,South,F,Online,Gold
805,38,20000,90.87601287446988,1.6,South,M,Store,Gold
806,40,20000,51.19890502713311,9.5,North,F,Online,Bronze
807,48,41504,19.60411770071698,2.3,North,M,Store,Bronze
808,37,46833,8.620195268706533,2.8,North,F,Store,Silver
809,63,20000,69.9194583686546,0.7,South,F,Online,Bronze
810,31,56812,38.8970776792024,2.9,South,M,Mobile,Bronze
811,42,28523,82.36126371195057,2.5,West,M,Mobile,Bronze
812,38,39081,66.29156609543625,0.6,West,F,Store,Bronze
813,66,81316,79.82790360359549,0.2,South,F,Online,Gold
814,47,56864,27.922657902426426,2.8,West,M,Online,Bronze
815,60,31752,69.54353332364475,4.3,North,M,Store,Bronze
816,22,23257,27.142136484678158,2.2,East,M,Mobile,Silver
817,49,20000,93.96777946557887,0.8,West,M,Online,Gold
818,58,25347,64.00105387180406,3.3,South,M,Mobile,Bronze
819,46,32677,33.12666821735887,0.3,West,F,Mobile,Bronze
820,60,22168,27.681674366934992,1.7,West,F,Store,Bronze
821,37,34008,19.901731922092708,0.5,West,F,Store,Gold
822,66,37738,69.76945493047906,0.6,East,F,Mobile,Silver
823,79,32453,22.6528456867948,0.7,North,M,Online,Gold
824,39,26238,59.935023326821415,1.5,South,M,Online,Platinum
825,38,39510,27.198867665610376,0.2,East,M,Store,Gold
826,66,45295,66.53492553459299,1.5,South,F,Mobile,Silver
827,68,21053,81.67903312551339,2.2,South,M,Online,Silver
828,37,73531,78.02449907132066,2.0,South,M,Online,Bronze
829,38,34568,76.3242817621474,1.4,East,F,Store,Platinum
830,40,36659,19.584518163532955,5.5,North,F,Mobile,Bronze
831,24,51746,9.750109751467352,0.5,South,F,Online,Bronze
832,31,40806,70.19593402025117,2.1,North,M,Store,Silver
833,29,58487,37.46637416564078,0.2,North,M,Online,Bronze
834,33,41921,43.80227641393138,0.2,West,F,Online,Silver
835,44,26736,4.083760186545716,2.6,East,F,Online,Silver
836,48,43510,26.69806847822987,2.5,East,M,Store,Silver
837,68,20499,4.333963983571938,6.3,West,F,Mobile,Gold
838,30,38341,88.03939148752352,2.4,West,M,Store,Bronze
839,59,35717,25.096271638634516,9.6,North,F,Mobile,Silver
840,41,32726,56.1763797877278,0.1,South,F,Online,Silver
841,44,34054,4.85895274545191,0.3,East,F,Mobile,Silver
842,55,20000,67.01789173926015,0.1,South,M,Online,Gold
843,28,27601,32.97970722965529,0.6,South,M,Online,Bronze
844,50,38041,89.89399950880892,2.3,West,F,Store,Silver
845,47,39337,88.92370070446955,3.1,South,M,Online,Bronze
846,52,21723,33.20377121781303,0.1,North,F,Store,Platinum
847,49,68381,90.19512867335632,8.8,West,F,Mobile,Bronze
848,81,23550,99.6196096763791,5.5,South,M,Mobile,Gold
849,35,58966,82.71615074827086,1.1,West,M,Online,Bronze
850,37,44963,84.64226342776767,0.2,North,M,Store,Bronze
851,35,26288,25.6518648747999,0.6,North,M,Online,Silver
852,36,88225,58.093537486917874,0.4,South,F,Store,Gold
853,35,20000,7.6583354827694174,0.4,West,M,Store,Silver
854,62,57502,10.396875745345302,2.2,South,M,Store,Platinum
855,66,59891,99.89036859129577,0.8,South,F,Mobile,Silver
856,36,25969,33.337285693165185,1.3,West,F,Store,Silver
857,32,72855,75.07020729283579,13.7,South,F,Mobile,Bronze
858,52,32047,80.85984024965482,3.5,North,F,Store,Gold
859,36,41954,85.9443038297157,8.9,West,M,Mobile,Bronze
860,54,41363,99.76520144281349,0.5,West,M,Mobile,Gold
861,48,33956,24.908152040429915,1.4,West,F,Mobile,Platinum
862,22,54469,4.994731859110271,2.4,West,F,Online,Platinum
863,68,54000,41.70796028146401,0.2,South,M,Store,Silver
864,71,20000,13.877986313065747,0.0,South,M,Online,Silver
865,35,69714,3.220163027043457,3.3,North,M,Store,Gold
866,39,20000,36.68225588700712,3.1,East,M,Store,Bronze
867,49,60856,78.59008685644841,1.6,East,M,Online,Silver
868,50,63790,57.051888431282016,2.0,North,F,Mobile,Bronze
869,54,21047,31.96502093182505,1.6,East,F,Store,Silver
870,75,29572,65.77985854377926,0.1,North,F,Mobile,Bronze
871,42,20892,23.96979985057226,1.2,South,F,Online,Bronze
872,33,32615,2.423763161136417,0.6,West,M,Mobile,Bronze
873,24,31131,76.67098525720631,0.3,West,F,Store,Silver
874,34,53628,62.7505654015369,9.4,South,M,Store,Silver
875,44,69923,76.46795982559503,2.7,West,M,Store,Bronze
876,71,72972,4.854863652078896,3.9,West,M,Online,Silver
877,37,27416,83.87484315523457,1.1,East,M,Store,Bronze
878,48,32708,62.33309380359403,1.5,South,M,Online,Silver
879,44,20000,56.77613972055137,0.8,East,M,Mobile,Silver
880,62,24271,62.83679076333863,0.3,East,M,Store,Silver
881,82,58831,86.57889143996805,0.6,West,F,Store,Gold
882,37,81453,59.1067141493318,4.8,West,M,Store,Bronze
883,37,20000,58.514087608929756,3.4,South,F,Mobile,Gold
884,60,27004,99.07723654951081,2.4,West,F,Store,Silver
885,55,35839,75.91628653978823,1.9,West,M,Online,Silver
886,72,41776,44.78708673966239,7.7,South,M,Mobile,Silver
887,53,24226,71.03230300325984,0.2,West,F,Mobile,Bronze
888,39,44892,39.53381669748706,1.0,East,F,Mobile,Silver
889,53,28654,23.6586707858664,1.3,South,F,Mobile,Silver
890,61,36054,60.088335811888186,4.6,West,F,Mobile,Bronze
891,57,47721,92.8900277132812,14.7,North,M,Online,Bronze
892,52,36432,92.98481248153081,0.8,South,M,Mobile,Bronze
893,61,29196,34.84862253244354,6.2,South,M,Store,Platinum
894,62,34378,53.2400691559478,5.3,North,F,Mobile,Silver
895,65,34745,21.951953958416258,0.8,West,M,Mobile,Bronze
896,54,30181,99.56747984038947,1.5,West,F,Mobile,Bronze
897,42,31907,98.13067287892564,1.6,South,M,Mobile,Silver
898,47,80766,65.30138404103728,11.5,South,F,Mobile,Gold
899,63,48072,80.63699190806986,0.6,West,M,Online,Bronze
900,32,31327,71.7949159670863,4.8,West,M,Online,Bronze
901,50,51455,59.72266368490735,1.2,East,F,Mobile,Gold
902,39,30732,6.281451701900872,3.9,South,F,Online,Bronze
903,45,65287,46.02166991271345,1.6,South,F,Store,Bronze
904,64,43687,67.80384391457365,2.6,North,F,Mobile,Platinum
905,47,34418,68.07562977448478,5.4,East,F,Store,Silver
906,45,45426,37.93913922381598,4.9,West,M,Store,Bronze
907,24,20000,94.22750667914502,6.0,East,F,Mobile,Bronze
908,56,20673,17.568346191441318,0.2,West,M,Store,Bronze
909,54,20000,50.5355851753405,3.5,West,M,Store,Bronze
910,77,39006,69.39751367853145,0.5,East,M,Store,Gold
911,40,86358,70.01644478328912,1.6,South,M,Mobile,Silver
912,48,110818,65.21525672011273,2.4,West,M,Mobile,Gold
913,48,49962,28.253533131734155,1.5,East,F,Store,Platinum
914,68,46649,16.464450299975574,2.2,North,F,Mobile,Silver
915,43,20000,63.95809235584438,17.0,East,M,Mobile,Bronze
916,49,27685,60.330909497804335,0.4,North,M,Store,Silver
917,54,24492,18.756245018634857,3.4,West,F,Mobile,Platinum
918,47,26624,70.80877541148577,1.5,East,F,Online,Gold
919,38,33387,46.06202718163198,0.4,East,M,Mobile,Bronze
920,47,28679,67.10829856871214,0.5,North,F,Online,Silver
921,61,20000,83.89934089724491,8.9,East,F,Store,Silver
922,29,52783,17.803114429115393,6.4,East,F,Mobile,Platinum
923,46,21239,2.895341931686831,7.1,West,M,Store,Bronze
924,34,40930,78.13115605318289,14.3,East,F,Store,Silver
925,62,102440,61.360045090108976,0.7,South,M,Store,Gold
926,22,22932,70.26431739259004,1.3,North,M,Store,Silver
927,36,20000,83.9773425238756,3.3,East,M,Store,Silver
928,50,31476,80.47828254762555,2.0,North,M,Mobile,Bronze
929,68,62974,96.13109454595364,1.6,North,M,Online,Bronze
930,44,96681,54.0575728063597,1.3,North,F,Mobile,Bronze
931,36,20000,49.361067633330634,2.7,East,M,Mobile,Platinum
932,73,46553,40.78683278918228,2.6,East,M,Mobile,Bronze
933,23,28777,16.21541324157625,0.5,North,M,Mobile,Silver
934,18,34441,57.68811605532022,1.9,South,F,Online,Silver
935,51,136239,28.4242399082719,2.4,North,F,Mobile,Bronze
936,37,20000,92.20944370908457,2.5,South,F,Store,Silver
937,29,41227,58.73588962343266,0.7,North,F,Mobile,Gold
938,55,45882,59.69117787030291,4.1,West,F,Mobile,Gold
939,48,62498,36.137541426823994,0.1,North,F,Online,Silver
940,36,38138,6.1469458457930415,1.3,North,F,Online,Silver
941,25,42362,4.142632771925873,4.5,East,M,Store,Bronze
942,58,29857,42.910179271166555,2.5,South,M,Mobile,Platinum
943,54,41546,9.371972431626547,0.9,West,F,Mobile,Bronze
944,43,30589,61.07784859847377,3.6,South,M,Mobile,Gold
945,72,49552,88.21632755832609,2.5,West,M,Store,Bronze
946,28,30187,88.4085668353535,4.8,North,F,Online,Platinum
947,22,43850,66.245495603091,4.0,East,M,Store,Gold
948,34,35788,21.91195131582017,2.8,East,M,Mobile,Gold
949,44,63769,86.43668630452834,2.0,South,F,Online,Bronze
950,48,35394,88.7232500960076,0.4,East,M,Online,Silver
951,41,20000,20.46870491034291,0.9,South,F,Store,Silver
952,50,68251,74.00518249129705,1.6,South,F,Online,Gold
953,26,23089,29.365435343785173,2.7,West,M,Online,Bronze
954,66,26189,80.46139092294004,2.2,South,M,Mobile,Platinum
955,43,26961,99.72655209045666,1.0,West,M,Mobile,Gold
956,61,72201,3.9725745276098885,0.0,East,F,Online,Bronze
957,50,20000,89.83922071330225,2.1,South,F,Online,Gold
958,51,174359,62.64042282626715,1.0,South,F,Store,Silver
959,53,61576,97.3648792973173,4.0,North,M,Store,Silver
960,51,40603,47.03594223511633,0.1,South,M,Online,Bronze
961,54,35332,84.891405126566,2.6,South,F,Mobile,Silver
962,64,41888,7.177012791229446,8.5,North,M,Online,Gold
963,47,47125,34.192625957751275,0.6,North,M,Online,Silver
964,55,50141,7.6346372373697875,1.9,East,F,Mobile,Silver
965,43,47944,97.55897021442799,0.3,South,F,Mobile,Silver
966,66,37979,81.88041681991183,2.9,East,M,Store,Gold
967,34,32903,85.40219470335109,2.4,East,F,Store,Bronze
968,72,33670,93.85855791195553,1.6,North,M,Store,Gold
969,44,32943,9.42524512585875,2.2,West,F,Store,Silver
970,23,64015,39.174161658820005,6.8,East,F,Mobile,Bronze
971,46,48863,8.03245401535621,0.7,West,F,Online,Bronze
972,34,20000,21.868517053452834,0.1,South,M,Store,Silver
973,57,50410,23.707211926729563,5.9,North,M,Store,Gold
974,35,40029,47.44161389371029,2.6,South,F,Mobile,Bronze
975,38,35977,27.587654577910616,6.6,South,F,Mobile,Gold
976,18,29903,10.996832574958349,2.7,North,F,Online,Bronze
977,38,63707,17.581617820316662,5.0,South,M,Online,Silver
978,18,58323,15.580280791657001,1.7,North,F,Mobile,Platinum
979,21,24675,97.33460299331753,4.2,West,F,Store,Gold
980,56,44512,76.16995818492889,7.3,South,F,Store,Bronze
981,56,22340,96.80838506168664,2.5,North,F,Store,Silver
982,51,20000,44.53430816428295,0.6,East,M,Online,Bronze
983,30,26546,28.558479684603004,0.9,South,M,Store,Silver
984,44,55893,80.03102652370949,0.7,West,F,Store,Gold
985,44,58487,33.29913788607353,0.9,North,M,Mobile,Gold
986,27,46936,30.638953996829482,1.1,South,M,Store,Bronze
987,67,52184,24.01809322857529,2.4,South,M,Mobile,Platinum
988,58,47008,13.8382188441993,2.7,South,F,Store,Silver
989,41,26350,26.38984304065983,1.7,West,M,Online,Bronze
990,45,45069,36.176655098914885,2.9,North,M,Store,Silver
991,48,54187,67.7254266064273,0.3,East,M,Store,Silver
992,18,52952,7.193919379725706,0.3,East,F,Mobile,Silver
993,41,65805,21.840187026868954,0.6,East,F,Mobile,Silver
994,34,51748,81.09334038887596,2.2,North,M,Mobile,Silver
995,29,43292,15.545270434793306,0.7,East,M,Store,Bronze
996,40,62011,34.92186950572963,1.0,West,F,Store,Gold
997,71,35837,86.60123326395586,1.5,North,F,Online,Silver
998,54,23366,16.337605803200823,5.0,South,M,Store,Bronze
999,36,33472,9.1909467262008,0.0,West,M,Online,Gold
1000,53,25022,48.96926151292107,3.1,South,F,Mobile,Platinum
